Organização;Nome;Descrição;Tags;Quantidade Recursos;Quantidade Reusos;Quantidade Downloads;Quantidade Seguidores;Status;Data Criacao
Instituto Federal de Educação, Ciência e Tecnologia de Brasília - IFB;SGI;Base de dados que compreende as informações dos projetos de planejamento e de acompanhamento de rotina do Instituto Federal de Brasília - IFB, cadastrados no Sistema de Gestão Integrado (SGI).;IFB,PDI,Planejamento estratégico,Plano de Desenvolvimento Institucional;2;0;0;0;Baixa;2023-01-01
Instituto Federal de Educação, Ciência e Tecnologia de Brasília - IFB;SISTEC IFB;Banco de dados que compreende as informações cadastrais dos alunos do IFB desde o ano de 2009. ;IFB,Relaçao de alunos;2;0;30;0;Baixa;2023-01-01
Instituto Federal de Educação, Ciência e Tecnologia de Brasília - IFB;PORTFÓLIO DA PESQUISA E INOVAÇÃO;Base de dados que compreende as informações relacionadas aos projetos de pesquisa e inovação do Instituto Federal de Brasília - IFB.;IFB,Pesquisa,inovação;2;0;10;0;Baixa;2023-01-01
Instituto Federal de Educação, Ciência e Tecnologia de Brasília - IFB;PUBLICAÇÕES DA EDITORA IFB;Banco de dados que compreende informações relacionadas às publicações realizadas pela Editora IFB.;IFB,editora IFB,publicações;2;0;6;0;Baixa;2023-01-01
Instituto Federal de Educação, Ciência e Tecnologia de Brasília - IFB;PROGRAMAS DE INTERCÂMBIO INSTITUCIONAL;Banco de dados que compreende os Programas de Intercâmbio Institucional vigentes. ;IFB,Programas de Intercâmbio;2;0;4;0;Baixa;2023-01-01
Instituto Federal de Educação, Ciência e Tecnologia de Brasília - IFB;ACORDOS INTERNACIONAIS;Base de dados que compreende os acordos internacionais firmados pelo Instituto Federal de Brasília - IFB.;IFB,acordos internacionais;2;0;1;0;Baixa;2023-01-01
Instituto Federal de Educação, Ciência e Tecnologia de Brasília - IFB;EMENDAS PARLAMENTARES RECEBIDAS;Base de dados que registra todos os recursos recebidos pelo IFB, advindos de emendas parlamentares.;Emendas Parlamentares,IFB;2;0;4;0;Baixa;2023-01-01
Instituto Federal de Educação, Ciência e Tecnologia de Brasília - IFB;GRUPOS DE PESQUISA;Banco de dados que compreende as informações sobre os grupos de pesquisa do Instituto Federal de Brasília - IFB, cadastrados no Conselho Nacional de Desenvolvimento Científico e Tecnológico (CNPQ).;IFB,cnpq,grupos de pesquisa;2;0;155;0;Baixa;2023-01-01
Instituto Federal de Educação, Ciência e Tecnologia de Brasília - IFB;EXTRAI LATTES;"Banco de dados que compreende as informações dos currículos lattes dos
servidores do IFB.";IFB,Pesquisa,Plataforma Lattes,publicações;8;0;20;0;Baixa;2023-01-01
Instituto Federal de Educação, Ciência e Tecnologia de Brasília - IFB;MUNDO DO TRABALHO;"Banco de dados que compreende informações relacionadas à relação dos
egressos do IFB com o mundo do trabalho. Relaciona as informações educacionais dos egressos do IFB com a Relação Anual de Informações Sociais (RAIS).";Egressos,IFB,RAIS,mercado de trabalho;2;0;139;1;Baixa;2023-01-01
Instituto Federal de Educação, Ciência e Tecnologia de Brasília - IFB;DICIONÁRIO DE DADOS ABERTOS IFB;"Documentação de quais são e o que significam cada coluna e seus tipos de dados de acordo com o conjunto de dados selecionados para abertura na ficha dos Gestores publicadas no PDA 2018-2019 do IFB.

Observação: Com a publicação do [Plano de Dados Abertos 2020-2022](https://diretorios.ifb.edu.br/diretorios/916/arquivos/download/PDA_2020-2022.pdf) os conjuntos de dados especificados por este dicionário foram descontinuados. Os novos dicionários constam dentro de cada um dos conjuntos de dados publicados pelo PDA 2020-2022.";Dicionário,IFB,dados abertos;1;0;6;0;Baixa;2023-01-01
Instituto Federal de Educação, Ciência e Tecnologia de Brasília - IFB;INVENTÁRIO DE DADOS ABERTOS IFB;"Inventário de dados do Instituto Federal de Educação Profissional, Científica e Tecnológica de Brasília elaborado pelo PDA 2018-2019.

Observação: Com a publicação do [Plano de Dados Abertos 2020-2022](https://diretorios.ifb.edu.br/diretorios/916/arquivos/download/PDA_2020-2022.pdf) um novo inventário foi elaborado, descontinuando o inventário presente neste recurso.";IFB,dados abertos,inventario;1;0;15;0;Baixa;2023-01-01
Instituto Federal de Educação, Ciência e Tecnologia de Brasília - IFB;OUVIDORIA;"Base de dados que compreende as informações dos registros de 
manifestações junto à ouvidoria do IFB ";IFB,Ouvidoria;2;0;12;0;Baixa;2023-01-01
Instituto Federal de Educação, Ciência e Tecnologia de Brasília - IFB;EXTENSÃO (SGA);Banco de dados que compreende informações relacionadas a Extensão, Estágio e Deficiências dos estudantes.;Estágio Curricular,IFB,extensão;2;0;2;0;Baixa;2023-01-01
Instituto Federal de Educação, Ciência e Tecnologia de Brasília - IFB;CÓDIGOS DE VAGAS;Quantitativos de códigos de vagas (ocupados, livres e excedentes) dos cargos integrantes do Plano de Carreira dos cargos Técnico- Administrativos em Educação e do cargo de Professor do Magistério Federal do Ensino Básico, Técnico e Tecnológico do Instituto Federal de Brasília (IFB);IFB,códigos de vaga;2;0;27;0;Baixa;2023-01-01
Instituto Federal de Educação, Ciência e Tecnologia de Brasília - IFB;DOCENTES POR ÁREA DE CONHECIMENTO - IFB;Base de dados que compreende as informações dos docentes por área de conhecimetno do Instituto Federal de Brasília - IFB.;Docentes,IFB,Área de Conhecimento;2;0;21;0;Baixa;2023-01-01
Instituto Federal de Educação, Ciência e Tecnologia de Brasília - IFB;TERCEIRIZADOS;Base de dados que compreende as informações dos prestadores de serviços terceirizados do Instituto Federal de Brasília - IFB.;IFB,servidores terceirizados;2;0;11;0;Baixa;2023-01-01
Instituto Federal de Educação, Ciência e Tecnologia de Brasília - IFB;CONTRATOS;Base de dados que compreende os contratos administrativos firmados no âmbito do Instituto Federal de Brasília - IFB, em conformidade com o disposto na Lei de Transparência.;Contratos,IFB;2;0;7;0;Baixa;2023-01-01
Instituto Federal de Educação, Ciência e Tecnologia de Brasília - IFB;LICITAÇÕES;Base de dados que compreende as informações relacionadas às licitações realizadas pelo Instituto Federal de Brasília - IFB, em atendimento ao art. 8º da Lei nº 12.527, de 18 de novembro de 2011.;IFB,Licitações;2;0;30;0;Baixa;2023-01-01
Instituto Federal de Educação, Ciência e Tecnologia de Brasília - IFB;EXECUÇÃO ORÇAMENTÁRIA IFB;Banco de dados que compreende as informações orçamentárias e financeiras do IFB com tipificações de gastos desenvolvidas para a realidade do IFB. ;Execução Orçamentária e Financeira,IFB;2;0;257;0;Baixa;2023-01-01
Instituto Federal de Educação, Ciência e Tecnologia de Brasília - IFB;RELAÇÃO DE SERVIDORES;Banco de dados que compreende as informações cadastrais dos servidores do IFB categorizados por unidade administrativa do IFB. ;IFB,servidores;2;0;328;0;Baixa;2023-01-01
Instituto Federal de Educação, Ciência e Tecnologia de Brasília - IFB;INDICADOR SOCIECONÔMICO IFB;"Indicador de Gestão exigido pelo Acórdão TCU nº 2.267/2005. A descrição detalhada do indicador pode ser encontrada no [Manual de Indicadore de Gestão da Rede Federal](http://portal.mec.gov.br/index.php?option=com_docman&view=download&alias=36901-manual-de-indicadores-da-rfepct-pdf&category_slug=abril-2016&Itemid=30192)

Observação: Com a publicação do [Plano de Dados Abertos 2020-2022](https://diretorios.ifb.edu.br/diretorios/916/arquivos/download/PDA_2020-2022.pdf) este conjunto de dados foi descontinuado, os indicadores aqui presentes passaram a ser divulgados pela [Plataforma Nilo Peçanha](http://plataformanilopecanha.mec.gov.br/).";IFB,Indicador Socieconômico;3;0;81;0;Baixa;2023-01-01
Instituto Federal de Educação, Ciência e Tecnologia de Brasília - IFB;ALUNOS MATRICULADOS IFB;"Corresponde ao número total de matrículas na Instituição dentro de um determinado período de tempo, independentemente da situação atual da matrícula, excluindo-se aquelas matrículas com percentual de retenção acima de 100%.

Observação: Com a publicação do [Plano de Dados Abertos 2020-2022](https://diretorios.ifb.edu.br/diretorios/916/arquivos/download/PDA_2020-2022.pdf) este conjunto de dados foi descontinuado em prol de um conjunto de dados mais detalhado que permite inferir a presente estatística.";Alunos matriculados,IFB;3;0;206;0;Baixa;2023-01-01
Instituto Federal de Educação, Ciência e Tecnologia de Brasília - IFB;INDICADORES DE PERMANÊNCIA E ÊXITO IFB;"Indicadores de Permanência e Êxito para mensurar evasão e certificação nos cursos do IFB. A descrição detalhada de cada indicador pode ser encontrada no [Manual de Indicadores de Gestão da Rede Federal](http://portal.mec.gov.br/index.php?option=com_docman&view=download&alias=36901-manual-de-indicadores-da-rfepct-pdf&category_slug=abril-2016&Itemid=30192)

Observação: Com a publicação do [Plano de Dados Abertos 2020-2022](https://diretorios.ifb.edu.br/diretorios/916/arquivos/download/PDA_2020-2022.pdf) este conjunto de dados foi descontinuado em prol de um conjunto de dados mais detalhado que permite inferir a presente estatística. Além disso, os indicadores aqui presentes passaram a ser divulgados pela [Plataforma Nilo Peçanha](http://plataformanilopecanha.mec.gov.br/).";IFB,Indicadores Ensino;3;0;88;0;Baixa;2023-01-01
Instituto Federal de Educação, Ciência e Tecnologia de Brasília - IFB;ALUNOS CERTIFICADOS/DIPLOMADOS IFB;"Certificado/Diplomado é o aluno que integralizou todas as fases do curso, incluindo disciplinas, módulos ou créditos, estágio obrigatório, Trabalho de Conclusão de Curso (TCC) e está apto a colar grau.

Observação: Com a publicação do [Plano de Dados Abertos 2020-2022](https://diretorios.ifb.edu.br/diretorios/916/arquivos/download/PDA_2020-2022.pdf) este conjunto de dados foi descontinuado em prol de um conjunto de dados mais detalhado que permite inferir a presente estatística.";Aluno,Diplomado,Ensino,IFB;3;0;88;0;Baixa;2023-01-01
Instituto Federal de Educação, Ciência e Tecnologia de Brasília - IFB;QUALIFICAÇÃO E CAPACITAÇÃO DE SERVIDORES;Base de dados que compreende as informações de qualificação e capacitação dos servidores do IFB.;Capacitação,IFB,Qualificação,Servidores;3;0;88;0;Baixa;2023-01-01
Instituto Federal de Educação, Ciência e Tecnologia de Brasília - IFB;SIABI;Banco de dados que compreende informações relacionadas ao serviço de bibliotecas do IFB.;Acervo da Biblioteca,OBRAS BIBLIOGRÁFICAS,Produção intelectual bibliográfica;4;0;17;0;Baixa;2023-01-01
Instituto Federal de Educação, Ciência e Tecnologia de Brasília - IFB;PIT E RIT;Banco de dados que compreende as informações dos Planos Individuais de Trabalho (PIT) e Relatórios Individuais de Trabalho (RIT) dos servidores docentes do IFB, categorizados por unidade administrativa.;Plano Individual de Trabalho,Plano Individual do Docente,Relatório Individual de Trabalho;2;0;38;0;Baixa;2023-01-01
Instituto Federal de Educação, Ciência e Tecnologia de Brasília;INDICADORES DE GESTÃO DO ACÓRDÃO TCU IFB;"Indicadores de Gestão Exigidos pelo Acórdão TCU nº 2.267/2005. A descrição detalhada de cada indicador pode ser encontrada no [Manual de Indicadores de Gestão da Rede Federal.](http://portal.mec.gov.br/index.php?option=com_docman&view=download&alias=36901-manual-de-indicadores-da-rfepct-pdf&category_slug=abril-2016&Itemid=30192)

Observação: Com a publicação do [Plano de Dados Abertos 2020-2022](https://diretorios.ifb.edu.br/diretorios/916/arquivos/download/PDA_2020-2022.pdf) este conjunto de dados foi descontinuado, os indicadores aqui presentes passaram a ser divulgados pela [Plataforma Nilo Peçanha](http://plataformanilopecanha.mec.gov.br/).";IFB,Indicadores de Gestão;3;0;34;0;Baixa;2023-01-01
